id,group,company_name,report_url
1,현대자동차그룹,현대자동차,https://dart.fss.or.kr/dsaf001/main.do?rcpNo=20260318001394
2,현대자동차그룹,기아,https://dart.fss.or.kr/dsaf001/main.do?rcpNo=20260312001224
3,현대자동차그룹,현대제철,https://dart.fss.or.kr/dsaf001/main.do?rcpNo=20260319000868
4,현대자동차그룹,현대모비스,https://dart.fss.or.kr/dsaf001/main.do?rcpNo=20260309001878
5,현대자동차그룹,현대건설,https://dart.fss.or.kr/dsaf001/main.do?rcpNo=20260318001395
6,현대자동차그룹,현대글로비스,https://dart.fss.or.kr/dsaf001/main.do?rcpNo=20260318001205
7,현대자동차그룹,현대위아,https://dart.fss.or.kr/dsaf001/main.do?rcpNo=20260317000785
8,현대자동차그룹,현대로템,https://dart.fss.or.kr/dsaf001/main.do?rcpNo=20260319001275
9,현대자동차그룹,현대오토에버,https://dart.fss.or.kr/dsaf001/main.do?rcpNo=20260318001324
10,현대자동차그룹,이노션,https://dart.fss.or.kr/dsaf001/main.do?rcpNo=20260310003051
11,현대자동차그룹,현대비앤지스틸,https://dart.fss.or.kr/dsaf001/main.do?rcpNo=20260316001374
12,현대자동차그룹,현대차증권,https://dart.fss.or.kr/dsaf001/main.do?rcpNo=20260318001432
13,현대자동차그룹,현대엔지니어링,
14,현대자동차그룹,현대트랜시스,https://dart.fss.or.kr/dsaf001/main.do?rcpNo=20260331003163
15,현대자동차그룹,현대케피코,https://dart.fss.or.kr/dsaf001/main.do?rcpNo=20260331003855
16,현대자동차그룹,현대아이에프씨,
17,현대자동차그룹,현대종합특수강,https://dart.fss.or.kr/dsaf001/main.do?rcpNo=20250328001562
18,현대자동차그룹,현대스틸산업,
19,현대자동차그룹,현대도시개발,
20,현대자동차그룹,해비치호텔앤드리조트,
21,현대자동차그룹,에이치그린파워,
22,현대자동차그룹,해비치컨트리클럽,
23,현대자동차그룹,송도랜드마크시티,
24,현대자동차그룹,그린에어,
25,현대자동차그룹,현대아이에이치엘,
26,현대자동차그룹,현대에코에너지,
27,현대자동차그룹,지아이티,
28,현대자동차그룹,현대엠시트,
29,현대자동차그룹,현대파텍스,
30,현대자동차그룹,현대머티리얼,
31,현대자동차그룹,위아마그나파워트레인,
32,현대자동차그룹,서울피엠씨,
33,현대자동차그룹,현대서산농장,
34,현대자동차그룹,현대첨단소재,
35,현대자동차그룹,모트라스,
36,현대자동차그룹,에이치엠지에스,
37,현대자동차그룹,서부광역메트로,
38,현대자동차그룹,현대엔지비,
39,현대자동차그룹,지마린서비스,
40,현대자동차그룹,현대아이티씨,
41,현대자동차그룹,모션,
42,현대자동차그룹,서림개발,
43,현대자동차그룹,서림환경기술,
44,현대자동차그룹,메인트란스,
45,현대자동차그룹,기아타이거즈,
46,현대자동차그룹,전북현대모터스에프씨,
47,현대자동차그룹,현대아이에스씨,
48,현대자동차그룹,현대아이엠씨,
49,현대자동차그룹,유니투스,
50,현대자동차그룹,현대엔터프라이즈,
51,현대자동차그룹,로템에스알에스,
52,현대자동차그룹,한국전기차충전서비스,
53,현대자동차그룹,트라닉스,
54,현대자동차그룹,케이스퀘어용산피에프브이,
55,현대자동차그룹,현대캐피탈,https://dart.fss.or.kr/dsaf001/main.do?rcpNo=20260318001032
56,현대자동차그룹,현대카드,https://dart.fss.or.kr/dsaf001/main.do?rcpNo=20260318001407
57,현대자동차그룹,현대커머셜,https://dart.fss.or.kr/dsaf001/main.do?rcpNo=20260319001234
58,현대자동차그룹,블루월넛,
59,현대자동차그룹,서부산도시고속도로,
60,현대자동차그룹,스튜디오어빗,
61,현대자동차그룹,에스트랜스,
62,현대자동차그룹,지티엑스씨,
63,현대자동차그룹,현대스틸파이프,
64,현대자동차그룹,이노션에스,
65,현대자동차그룹,모비언트,
66,현대자동차그룹,테크젠,
67,현대자동차그룹,인천스마트에너지,
68,현대자동차그룹,김포골드라인에스알에스,
69,현대자동차그룹,현대아이이씨,
70,현대자동차그룹,나주호배꽃품은햇빛발전소,
71,현대자동차그룹,현대얼터너티브,
72,현대자동차그룹,통영미래해상풍력,
73,현대자동차그룹,이음,
74,현대자동차그룹,수소에너지네트워크,
75,용평리조트,(주)일신석재,https://dart.fss.or.kr/dsaf001/main.do?rcpNo=20260320001302
76,용평리조트,모나용평(주),https://dart.fss.or.kr/dsaf001/main.do?rcpNo=20260323001076
77,용평리조트,(재)세계평화통일가정연합유지재단,
78,용평리조트,(주)일화,
79,용평리조트,카페코나퀸즈(주),
80,용평리조트,탑헬스케어(주),
81,용평리조트,(주)세계일보,
82,용평리조트,(주)세계일보제작단,
83,용평리조트,(주)세계비즈앤스포츠월드,
84,용평리조트,"(구, (주)세계미디어플러스)",
85,용평리조트,에이치제이디오션리조트(주),
86,용평리조트,(주)HJ푸드,
87,용평리조트,(주)세일로,
88,용평리조트,(유)피엠에너지,
89,용평리조트,(주)휴먼빌서비스,
90,용평리조트,선원건설(주),
91,용평리조트,티아이씨(주),
92,용평리조트,신정개발특장차(주),
93,용평리조트,(주)세일여행사,
94,용평리조트,(주)제이씨,
95,용평리조트,농업회사법인(유)평농,
96,용평리조트,(주)아시아해양,
97,용평리조트,티이엠(유),
98,용평리조트,(주)천일교육원,
99,용평리조트,(주)평일기획,
100,용평리조트,발왕산1458(주),
101,용평리조트,모나파크(주),
102,용평리조트,(주)비체팰리스,
103,용평리조트,모나용평고창(주),
104,용평리조트,아이노리조트개발(주),
105,용평리조트,코스타밸리모나용평(주),
106,용평리조트,경포올림픽카운티(주),
107,태아산업,태아산업,
108,쌍용그룹,쌍용그룹,
109,학교법인 국민학원,학교법인 국민학원,
110,학교법인 구암학원,학교법인 구암학원,
111,성곡언론문화재단,성곡언론문화재단,
112,올리브플래닝,올리브플래닝,
113,대한스키지도자연맹,대한스키지도자연맹,
114,재단법인영도육영회,재단법인영도육영회,
115,대전선병원,대전선병원,
116,코렌텍,코렌텍,https://dart.fss.or.kr/dsaf001/main.do?rcpNo=20260319001143
117,코렌텍,CORENTEC AMERICA INC.,
118,코렌텍,주식회사 인스텍,
119,코렌텍,CORENTEC SEA,
120,코렌텍,선헬스케어인터내셔널(주),
121,영훈의료재단,영훈의료재단,
122,인스텍,인스텍,
123,애경 그룹,에이케이홀딩스(주),
124,애경 그룹,애경케미칼(주),https://dart.fss.or.kr/dsaf001/main.do?rcpNo=20250314001606
125,애경 그룹,애경산업(주),https://dart.fss.or.kr/dsaf001/main.do?rcpNo=20260318001405
126,애경 그룹,(주)제주항공,https://dart.fss.or.kr/dsaf001/main.do?rcpNo=20260318001439
127,애경 그룹,애경바이오팜(주),
128,애경 그룹,광주투자개발(주),
129,애경 그룹,애경스페셜티(주),
130,애경 그룹,지에이엠코리아(주),
131,애경 그룹,에이아이디(주),
132,애경 그룹,(주)모두락애경산업,
133,애경 그룹,(주)에이제이피,
134,애경 그룹,(주)원씽,
135,애경 그룹,(주)모두락,
136,애경 그룹,퍼시픽제3호일반부동산투자(유),
137,애경 그룹,(주)제이에이에스,
138,애경 그룹,에이케이플라자(주),
139,애경 그룹,(주)마포애경타운,
140,애경 그룹,에이엠플러스자산개발(주),
141,애경 그룹,에이엠플러스피에프브이기흥(주),
142,애경 그룹,에이엠플러스피에프브이산곡(주),
143,애경 그룹,에이엠플러스피에프브이위례(주),
144,애경 그룹,여주제이비물류센터(주),
145,애경 그룹,에이엠플러스인덕원(주),
146,애경 그룹,아산하이테크복합물류제2차(주),
147,애경 그룹,아산하이테크복합물류제3차(주),
148,애경 그룹,애경자산관리(주),
149,애경 그룹,에이케이아이에스(주),
150,애경 그룹,(주)에이텍,https://dart.fss.or.kr/dsaf001/main.do?rcpNo=20260319001401
151,애경 그룹,(주)에이텍세종,
152,애경 그룹,코스파(주),
153,애경 그룹,(주)애드미션,
154,애경 그룹,우영운수(주),
155,애경 그룹,비컨로지스틱스(주),
156,애경 그룹,에이엘오(주),
157,세아홀딩스,(주)세아홀딩스,https://dart.fss.or.kr/dsaf001/main.do?rcpNo=20260318001415
158,세아홀딩스,(주)세아제강지주,https://dart.fss.or.kr/dsaf001/main.do?rcpNo=20250317000708
159,세아홀딩스,(주)세아제강,https://dart.fss.or.kr/dsaf001/main.do?rcpNo=20260312000989
160,세아홀딩스,(주)세아베스틸지주,https://dart.fss.or.kr/dsaf001/main.do?rcpNo=20260316001503
161,세아홀딩스,(주)세아특수강,https://dart.fss.or.kr/dsaf001/main.do?rcpNo=20260318001410
162,세아홀딩스,(주)세아베스틸,https://dart.fss.or.kr/dsaf001/main.do?rcpNo=20260313000646
163,세아홀딩스,(주)세아창원특수강,https://dart.fss.or.kr/dsaf001/main.do?rcpNo=20250314001534
164,세아홀딩스,(주)아이언그레이,
165,세아홀딩스,(주)세아네트웍스,
166,세아홀딩스,(주)세아엘앤에스,
167,세아홀딩스,(주)세아엠앤에스,
168,세아홀딩스,(주)세아씨엠,
169,세아홀딩스,(주)에이팩인베스터스,
170,세아홀딩스,(주)피앤아이,
171,세아홀딩스,(주)에이치피피,
172,세아홀딩스,(주)에스에스아이케이,
173,세아홀딩스,(주)세아스틸인터내셔날,
174,세아홀딩스,동아스틸(주),
175,세아홀딩스,탈리다쿰(주),
176,세아홀딩스,(주)씨티씨,
177,세아홀딩스,(주)세아항공방산소재,
178,세아홀딩스,(주)브이엔티지,
179,세아홀딩스,(주)에이앤에이인베스트,
180,세아홀딩스,(주)세아기술투자,
181,대한탁구협회,대한탁구협회,
182,앤티포디스골프유한회사(Antipodes Golf LLC),앤티포디스골프유한회사(Antipodes Golf LLC),
183,현대하이스코,현대하이스코,
184,삼우,삼우,
185,대한양궁협회,대한양궁협회,
186,아시아양궁연맹,아시아양궁연맹,
187,삼표 그룹,(주)삼표시멘트,https://dart.fss.or.kr/dsaf001/main.do?rcpNo=20260320000882
188,삼표 그룹,(주)삼표산업,
189,삼표 그룹,(주)엔알씨,
190,삼표 그룹,에스피성수피에프브이(주),
191,삼표 그룹,(주)에스피에스테이트,
192,삼표 그룹,(주)삼표,
193,삼표 그룹,에프티에스(주),
194,삼표 그룹,(주)에스피네이처,
195,삼표 그룹,(주)에스피에스엔에이,
196,삼표 그룹,(주)에스피환경,
197,삼표 그룹,(주)홍명산업,
198,삼표 그룹,농업회사법인 대원그린(주),
199,삼표 그룹,포항항8부두운영(주),
200,삼표 그룹,(주)에스피레미콘,
201,삼표 그룹,디에이치씨인베스트먼트(주),
202,삼표 그룹,(주)베스트엔지니어링,
203,삼표 그룹,삼표피앤씨(주),
204,삼표 그룹,(주)팬트랙,
205,삼표 그룹,삼표레일웨이(주),
206,삼표 그룹,(주)동양시멘트,
207,삼표 그룹,농업회사법인 삼표농원(주),
208,삼표 그룹,삼표에스앤씨(주),
209,삼표 그룹,삼표자원개발(주),
210,삼표 그룹,삼표해운(주),
211,삼표 그룹,삼표레미콘(주),
212,삼표 그룹,(주)유형개발,
213,현대백화점 그룹,(주)현대지에프홀딩스,https://dart.fss.or.kr/dsaf001/main.do?rcpNo=20260319000764
214,현대백화점 그룹,(주)현대백화점,https://dart.fss.or.kr/dsaf001/main.do?rcpNo=20260318001314
215,현대백화점 그룹,(주)현대홈쇼핑,https://dart.fss.or.kr/dsaf001/main.do?rcpNo=20260316000819
216,현대백화점 그룹,(주)현대퓨처넷,https://dart.fss.or.kr/dsaf001/main.do?rcpNo=20260313001193
217,현대백화점 그룹,(주)한섬,https://dart.fss.or.kr/dsaf001/main.do?rcpNo=20260313001074
218,현대백화점 그룹,(주)현대리바트,https://dart.fss.or.kr/dsaf001/main.do?rcpNo=20260316001287
219,현대백화점 그룹,(주)현대에버다임,https://dart.fss.or.kr/dsaf001/main.do?rcpNo=20260313000755
220,현대백화점 그룹,(주)현대바이오랜드,https://dart.fss.or.kr/dsaf001/main.do?rcpNo=20260312000632
221,현대백화점 그룹,(주)현대이지웰,https://dart.fss.or.kr/dsaf001/main.do?rcpNo=20260316001224
222,현대백화점 그룹,(주)지누스,https://dart.fss.or.kr/dsaf001/main.do?rcpNo=20260313000634
223,현대백화점 그룹,(주)현대그린푸드,https://dart.fss.or.kr/dsaf001/main.do?rcpNo=20260316001009
224,현대백화점 그룹,대원강업(주),https://dart.fss.or.kr/dsaf001/main.do?rcpNo=20260318001323
225,현대백화점 그룹,(주)삼원강재,https://dart.fss.or.kr/dsaf001/main.do?rcpNo=20260316001210
226,현대백화점 그룹,한무쇼핑(주),
227,현대백화점 그룹,(주)씨엔에스푸드시스템,
228,현대백화점 그룹,(주)현대캐터링시스템,
229,현대백화점 그룹,(주)현대드림투어,
230,현대백화점 그룹,(주)현대리바트엠앤에스,
231,현대백화점 그룹,(주)현대에이앤아이,
232,현대백화점 그룹,(주)현대디에프,
233,현대백화점 그룹,(주)현대엘앤씨,
234,현대백화점 그룹,(주)비노에이치,
235,현대백화점 그룹,대원정밀공업(주),
236,현대백화점 그룹,(주)더현대광주,
237,선진종합,선진종합,
238,한국예선업협동조합,한국예선업협동조합,
239,이건홀딩스 계열,이건산업(주),https://dart.fss.or.kr/dsaf001/main.do?rcpNo=20260318001636
240,이건홀딩스 계열,(주)이건창호,
241,이건홀딩스 계열,(주)이건그린텍,
242,이건홀딩스 계열,이건에너지(주),
243,이건홀딩스 계열,"Eagon Resources Development Co.,(S.I) Ltd. (E.R.C)",
244,이건홀딩스 계열,Eagon Pacific Plantation Ltd. (E.P.L),
245,이건홀딩스 계열,Eagon Lautaro S.A. (E.L.A),
246,이건홀딩스 계열,Eagon USA Corp. (E.U.S),
247,이건홀딩스 계열,"Eagon Windows&Doors Canada Co.,Ltd (E.W.C)",
248,남영산업 계열,남영산업 계열,
249,비마인,비마인,
250,해근창현,해근창현,
251,고려디자인,고려디자인,
252,LS전선,㈜LS,https://dart.fss.or.kr/dsaf001/main.do?rcpNo=20260318001427
253,LS전선,엘에스일렉트릭㈜,https://dart.fss.or.kr/dsaf001/main.do?rcpNo=20260318001243
254,LS전선,가온전선㈜,https://dart.fss.or.kr/dsaf001/main.do?rcpNo=20260316000969
255,LS전선,㈜E1,https://dart.fss.or.kr/dsaf001/main.do?rcpNo=20260319001298
256,LS전선,"INVENI Co., Ltd.",
257,LS전선,㈜LS네트웍스,https://dart.fss.or.kr/dsaf001/main.do?rcpNo=20260318001521
258,LS전선,엘에스에코에너지㈜,
259,LS전선,엘에스마린솔루션㈜,
260,LS전선,LS머트리얼즈㈜,https://dart.fss.or.kr/dsaf001/main.do?rcpNo=20250314001275
261,LS전선,LS증권㈜,https://dart.fss.or.kr/dsaf001/main.do?rcpNo=20240321001311
262,LS전선,LS전선㈜,https://dart.fss.or.kr/dsaf001/main.do?rcpNo=20260317000719
263,LS전선,LS엠트론㈜,
264,LS전선,엘에스엠앤엠㈜,
265,LS전선,엘에스아이앤디㈜,https://dart.fss.or.kr/dsaf001/main.do?rcpNo=20260331000916
266,LS전선,㈜예스코,https://dart.fss.or.kr/dsaf001/main.do?rcpNo=20240222001974
267,LS전선,㈜지앤피,
268,LS전선,㈜세종전선,
269,LS전선,㈜지앤피우드,
270,LS전선,LS빌드윈㈜,
271,LS전선,제이에스전선㈜,
272,LS전선,엘에스이브이코리아㈜,
273,LS전선,엘에스알스코㈜,
274,LS전선,(유)문경가온태양광발전,
275,LS전선,(유)빌드윈인동태양광발전,
276,LS전선,(유)전주가온태양광발전,
277,LS전선,"LS에코첨단소재㈜ (구, 엘에스이브이씨㈜ )",
278,LS전선,LS글로벌인코퍼레이티드㈜,
279,LS전선,㈜이원컨테이너터미널,
280,LS전선,㈜이원물류,
281,LS전선,㈜케이제이모터라드,
282,LS전선,㈜베스트토요타,
283,LS전선,㈜엠비케이코퍼레이션,
284,LS전선,㈜지알엠,
285,LS전선,㈜토리컴,
286,LS전선,LS메카피온㈜,
287,LS전선,농가온㈜,
288,LS전선,팜모아㈜,
289,LS전선,LS사우타㈜,
290,LS전선,LS메탈㈜,
291,LS전선,LS ITC㈜,
292,LS전선,엘에스이모빌리티솔루션㈜,
293,LS전선,㈜선우,
294,LS전선,㈜스포츠모터사이클코리아,
295,LS전선,㈜그린가스솔루션이앤씨,
296,LS전선,㈜흥업,
297,LS전선,씨에스마린㈜,
298,LS전선,㈜모보,
299,LS전선,이지전선㈜,
300,LS전선,㈜디케이씨,
301,LS전선,엘에스에이홀딩스㈜,
302,LS전선,엘에스오토모티브테크놀로지스㈜,
303,LS전선,㈜넥스포쏠라,
304,LS전선,㈜넥스포에너지,
305,LS전선,㈜이원쏠라,
306,LS전선,엘에스이링크㈜,
307,LS전선,하이엠케이㈜,
308,LS전선,엘에스영종스카이솔라㈜,
309,LS전선,"한국미래소재㈜ (구, 에코첨단소재㈜ )",
310,LS전선,엘에스엘앤에프배터리솔루션㈜,
311,LS전선,㈜에스이모빌리티,
312,LS전선,㈜에너지링크울산,
313,LS전선,엘티솔라㈜,
314,LS전선,씨엑스솔루션 주식회사,
315,LS전선,주식회사 엘펨스,
316,LS전선,㈜에너지링크나주,
317,LS전선,㈜제스코이지,
318,LS전선,엘에스이엔엠㈜,
319,LS전선,평택에너지앤파워㈜,https://dart.fss.or.kr/dsaf001/main.do?rcpNo=20260331003806
320,LS전선,인천클린에너지허브㈜,
321,LS전선,여수그린에너지㈜,
322,LS전선,누리이음㈜,
323,LS전선,LS JAPAN,
324,LS전선,LS GIDC Pte Ltd.,
325,LS전선,LS PHOENIX INTERNATIONAL PRIVATE LIMITED,
326,LS전선,"LS Cable India Pvt., Ltd.",
327,LS전선,LS Cable & System Japan Ltd.,
328,LS전선,LS 홍치전람(호북)유한공사,
329,LS전선,LS Cable & System UK Ltd.,
330,LS전선,LS CABLE & SYSTEM Australia PTY Ltd.,
331,LS전선,LS Cable & System France S.A.S.,
332,LS전선,"LS CABLE & SYSTEM U.S.A., INC.",
333,LS전선,LS EV Poland sp z o.o.,
334,LS전선,LS Cable & System Poland sp z o.o.,
335,LS전선,LS-Innocom Europe sp z o.o.,
336,LS전선,PT.LSAG Cable Solutions,
337,LS전선,PT.LSAG Cable Indonesia,
338,LS전선,LS Cable Systems America Inc.,
339,LS전선,LS MAN Cable S.A.E.,
340,LS전선,LS-VINA Cable & System Joint Stock Co.,
341,LS전선,"LS Cable & System Vietnam Co., Ltd.",
342,LS전선,"LS-Gaon Cable Myanmar Co., Ltd.",
343,LS전선,"LS-Gaon Cable Myanmar Trading Co., Ltd.",
344,LS전선,락성전람(무석)유한공사,
345,LS전선,LS Cable & System Colombia S.A.S.,
346,LS전선,Superior Essex Inc.,
347,LS전선,Essex Solutions Inc.,
348,LS전선,LPI Global LLC,
349,LS전선,Superior Essex Services LLC,
350,LS전선,Superior Solutions Global Inc.,
351,LS전선,락성전기 대련 유한공사,
352,LS전선,락성전기 무석 유한공사,
353,LS전선,"LS ELECTRIC Vietnam Co., Ltd.",
354,LS전선,LS ELECTRIC Middle East FZE,
355,LS전선,"LS ELECTRIC INDUSTRY TRADE Co., Ltd.",
356,LS전선,LS ELECTRIC Europe B.V.,
357,LS전선,"LS ELECTRIC Japan Co., Ltd.",
358,LS전선,LS Materials America LLC,
359,LS전선,락성전기투자(중국) 유한공사,
360,LS전선,"LS Energy Solutions, LLC.",
361,LS전선,"LS ELECTRIC America, Inc.",
362,LS전선,"MCM Engineering II, Inc.",
363,LS전선,"LS e-Mobility Solutions(Wuxi) CO.,LTD",
364,LS전선,"LS Electric Americas Holdings, Inc.",
365,LS전선,LS Metal VINA LLC.,
366,LS전선,"LS Machinery (Wuxi) Co., Ltd.",
367,LS전선,"LS Machinery (Qingdao) Co., Ltd.",
368,LS전선,"LS Mtron North America, Inc.",
369,LS전선,LS Mtron Industria de Maquinas Agricolas Ltda.,
370,LS전선,"LS Electronic-Devices VIETNAM Co., Ltd.",
371,LS전선,PT. LS Mtron Machinery Indonesia,
372,LS전선,"LS Tractor USA, LLC",
373,LS전선,LS Automotive Qingdao Corp.,
374,LS전선,LS Automotive Technologies Wuxi Corp.,
375,LS전선,LS AUTOMOTIVE INDIA PRIVATE LIMITED,
376,LS전선,LS Automotive Japan Corp.,
377,LS전선,"LS AUTOMOTIVE MEXICO, S.A de C.V.",
378,LS전선,LSA NA LLC,
379,LS전선,PLANTA RECUPERADORA DE METALES SPA.,
380,LS전선,YEN HUNG PETROCHEMICAL JOINTSTOCK COMPANY,
381,LS전선,E1 America LLC,
382,LS전선,LS IMM USA LLC,
383,LS전선,"LS ELECTRIC IBERIA, S.L.",
384,LS전선,"LS Electric(Lishui) Co.,LTD",
385,LS전선,"LS E-MOBILITY SOLUTIONS MEXICO, S.de R.L.de C.V.",
386,LS전선,LS Automation Solutions Otomasyon Sistemleri,
387,LS전선,PT LS ELECTRIC INDONESIA,
388,LS전선,LS GreenLink USA Inc.,
389,LS전선,"LS Cable Systems Canada, Inc.",
390,LS전선,CURIX SDN. BHD,
391,LS전선,Hydrogen Canada Corp.,
392,LS전선,PT SYMPHOS ELECTRIC,
393,LS전선,LS CABLE & SYSTEM MEXICO S.A. DE C.V.,
394,LS전선,LS EV MEXICO S.A. DE C.V.,
395,LS전선,LSIU MEXICO S. DE R.L. DE C.V.,
396,LS전선,LS E-MOBILITY SOLUTIONS AMERICA INC.,
397,LS전선,PT PURA MAYUNGAN,
398,LS전선,"LS ELECTRIC INVESTMENT, LLC",
399,LS전선,E1 Gas Vietnam LLC,
400,LS전선,LS Eco Advanced Cables Limited,
401,솔트룩스,(주)솔트룩스,https://dart.fss.or.kr/dsaf001/main.do?rcpNo=20260319001029
402,솔트룩스,(주)솔트룩스이노베이션,
403,솔트룩스,(주)솔트룩스벤처스,
404,솔트룩스,(주)다이퀘스트,
405,솔트룩스,"Goover, Inc.",
406,솔트룩스,Saltlux Technology Joint Stock Company,
407,트리니온아메리카,트리니온아메리카,
408,트리니온멕시코,트리니온멕시코,
409,에이치엔이노밸리,에이치엔이노밸리,
410,에이치엔아이엑스,에이치엔아이엑스,
411,현대 그룹,현대엘리베이터㈜,https://dart.fss.or.kr/dsaf001/main.do?rcpNo=20260318001372
412,현대 그룹,현대무벡스㈜,https://dart.fss.or.kr/dsaf001/main.do?rcpNo=20260318001359
413,현대 그룹,현대아산㈜,https://dart.fss.or.kr/dsaf001/main.do?rcpNo=20260331004366
414,현대 그룹,㈜현대경제연구원,
415,현대 그룹,현대홀딩스컴퍼니㈜,
416,현대 그룹,현대엘앤알㈜,
417,현대 그룹,에이블현대호텔앤리조트㈜,
418,현대 그룹,블룸비스타호텔앤컨퍼런스㈜,
419,현대 그룹,현대글로벌㈜,
420,현대 그룹,현대엘리베이터서비스㈜,
421,현대 그룹,케이에스컬레이터㈜,
422,현대 그룹,현대엘리베이터설치㈜,
423,현대 그룹,현대지비에프엠에스㈜,
424,현대 그룹,현대지비리테일(유),
425,현대 그룹,(유)쓰리제이홀딩스코리아,
426,현대 그룹,에이치엑스피㈜,
427,현대 그룹,에이치엑스피에이치㈜,
428,현대 그룹,에이치엑스피제이㈜,
429,현대 그룹,에이치디태양광발전소1호㈜,
430,현대 그룹,에이치디태양광발전소2호㈜,
431,현대 그룹,에이치디태양광발전소3호㈜,
432,현대 그룹,에이치디태양광발전소4호㈜,
433,현대 그룹,에이치디태양광발전소5호㈜,
434,현대 그룹,에이치디태양광발전소6호㈜,
435,현대 그룹,에이치디태양광발전소7호㈜,
436,현대 그룹,에이치디태양광발전소8호㈜,
437,현대 그룹,에이치디태양광발전소9호㈜,
438,현대 그룹,에이치디태양광발전소10호㈜,
439,현대 그룹,에이치디태양광발전소11호㈜,
440,현대 그룹,에이치디태양광발전소12호㈜,
441,현대 그룹,에이치디장수일호태양광발전소㈜,
442,현대 그룹,에이치디장수이호태양광발전소㈜,
443,현대 그룹,에이치디충주태양광1호㈜,
444,현대 그룹,에이치디충주태양광2호㈜,
445,현대 그룹,현대투자파트너스㈜,
446,현대 그룹,링크에셋파트너스㈜,
447,현대 그룹,와이어드그린사모투자 합자회사,
448,서울상공회의소,서울상공회의소,
449,현대상선 계열,에이치엠엠(주),
450,현대상선 계열,에이치엠엠오션서비스(주),
451,현대상선 계열,에이치티알헤시라스(주),
452,현대상선 계열,에이치엔엘트랜스(주),
453,임당장학문화재단,임당장학문화재단,
454,제네시스프라이빗에쿼티,제네시스프라이빗에쿼티,
455,HD현대 그룹,HD한국조선해양㈜,https://dart.fss.or.kr/dsaf001/main.do?rcpNo=20260320001032
456,HD현대 그룹,HD현대㈜,https://dart.fss.or.kr/dsaf001/main.do?rcpNo=20260320000872
457,HD현대 그룹,HD현대중공업㈜,https://dart.fss.or.kr/dsaf001/main.do?rcpNo=20260320000859
458,HD현대 그룹,HD현대건설기계㈜,
459,HD현대 그룹,HD현대인프라코어㈜,
460,HD현대 그룹,HD현대일렉트릭㈜,https://dart.fss.or.kr/dsaf001/main.do?rcpNo=20260316000940
461,HD현대 그룹,HD현대에너지솔루션㈜,https://dart.fss.or.kr/dsaf001/main.do?rcpNo=20260313001045
462,HD현대 그룹,HD현대마린솔루션㈜,https://dart.fss.or.kr/dsaf001/main.do?rcpNo=20260316001512
463,HD현대 그룹,HD현대마린엔진㈜,https://dart.fss.or.kr/dsaf001/main.do?rcpNo=20260316001327
464,HD현대 그룹,HD현대삼호㈜,
465,HD현대 그룹,HD현대이엔티㈜,
466,HD현대 그룹,HD현대엔진(유),
467,HD현대 그룹,HD현대오일뱅크㈜,
468,HD현대 그룹,HD현대쉘베이스오일㈜,
469,HD현대 그룹,HD현대케미칼㈜,
470,HD현대 그룹,㈜HD현대스포츠,
471,HD현대 그룹,HD현대오씨아이㈜,
472,HD현대 그룹,HD현대로보틱스㈜,
473,HD현대 그룹,㈜아비커스,
474,HD현대 그룹,HD현대사이트솔루션㈜,
475,HD현대 그룹,HD현대이앤에프㈜,
476,HD현대 그룹,이큐브솔루션㈜,
477,HD현대 그룹,HD현대마린솔루션테크㈜,
478,HD현대 그룹,씨마크서비스㈜,
479,HD현대 그룹,HD현대크랭크샤프트㈜,
480,HD현대 그룹,HD하이드로젠㈜,
481,HD현대 그룹,대불그린1호㈜,
482,HD현대 그룹,AMC사이언스㈜,
483,HD현대 그룹,HD현대엠엔에스㈜,
484,HD현대 그룹,㈜메디굿파트너스,
485,아산사회복지재단,아산사회복지재단,
486,아산나눔재단,아산나눔재단,
487,아산정책연구원,아산정책연구원,
488,현대학원,현대학원,
489,울산에이치디에프씨,울산에이치디에프씨,
490,울산공업학원,울산공업학원,
491,재단법인예올,재단법인예올,
492,Lunit lnc,루닛,https://dart.fss.or.kr/dsaf001/main.do?rcpNo=20260323001574
493,Lunit lnc,"Lunit USA, Inc.",
494,Lunit lnc,"Lunit China Co., Ltd.",
495,Lunit lnc,Lunit Europe Holdings B.V.,
496,Lunit lnc,Lunit Europe GmbH,
497,Lunit lnc,Lunit Japan Inc.,
498,Lunit lnc,Lunit International Ltd.,
499,Lunit lnc,Lunit Finance NZ Ltd.,
500,Lunit lnc,Volpara Health Ltd.,
501,Lunit lnc,"Lunit Americas, Inc.",
502,Lunit lnc,Lunit Australia Pty Ltd.,
503,Lunit lnc,"Lunit UK Ltd.(구, Volpara Health Europe Ltd)",
504,Lunit lnc,Lunit Denmark ApS,
505,Lunit lnc,"Lunit Canada, Inc.",
506,사단법인 두루,사단법인 두루,
507,두산 그룹,㈜두산,https://dart.fss.or.kr/dsaf001/main.do?rcpNo=20260323000945
508,두산 그룹,두산퓨얼셀㈜,https://dart.fss.or.kr/dsaf001/main.do?rcpNo=20260318001264
509,두산 그룹,두산에너빌리티㈜,https://dart.fss.or.kr/dsaf001/main.do?rcpNo=20260320001246
510,두산 그룹,두산밥캣㈜,https://dart.fss.or.kr/dsaf001/main.do?rcpNo=20260319001265
511,두산 그룹,㈜오리콤,https://dart.fss.or.kr/dsaf001/main.do?rcpNo=20260323001680
512,두산 그룹,㈜두산테스나,https://dart.fss.or.kr/dsaf001/main.do?rcpNo=20260323001118
513,두산 그룹,두산로보틱스㈜,https://dart.fss.or.kr/dsaf001/main.do?rcpNo=20260318001562
514,두산 그룹,두산경영연구원㈜,
515,두산 그룹,㈜두산베어스,
516,두산 그룹,두산큐벡스㈜,
517,두산 그룹,㈜두산모빌리티이노베이션,
518,두산 그룹,두산로지스틱스솔루션㈜,
519,두산 그룹,㈜한컴,
520,두산 그룹,두산밥캣코리아㈜,
521,두산 그룹,두산에이치투이노베이션㈜,
522,두산 그룹,두산포트폴리오홀딩스㈜,
523,두산 그룹,㈜원상,
524,두산 그룹,하이엑시움모터스㈜,
525,두산 그룹,㈜두산인베스트먼트,
526,두산 그룹,두산리사이클솔루션㈜,
527,두산 그룹,두산지오솔루션㈜,
528,두산 그룹,두산모트롤㈜,
529,두산 그룹,솔라디루프㈜,
530,스타일씨코퍼레이션,스타일씨코퍼레이션,
531,현대해상화재보험 계열,현대해상화재보험㈜,
532,현대해상화재보험 계열,현대씨앤알㈜,
533,현대해상화재보험 계열,현대하이카손해사정㈜,
534,현대해상화재보험 계열,현대에이치디에스㈜,
535,현대해상화재보험 계열,현대인베스트먼트자산운용㈜,
536,현대해상화재보험 계열,현대하이라이프손해사정㈜,
537,현대해상화재보험 계열,현대인베스트먼트글로벌전문투자형사모부동산1호투자유한회사,
538,현대해상화재보험 계열,메리츠현대인베스트먼트리얼에스테이트스트레티지제1호 사모투자,
539,현대해상화재보험 계열,합자회사,
540,현대해상화재보험 계열,현대인베스트선진인더스트리얼일반사모부동산투자회사,
541,현대해상화재보험 계열,애드커넥스㈜,
542,현대해상화재보험 계열,㈜마이금융파트너,
543,현대해상화재보험 계열,현대하임자산운용㈜,
544,현대해상화재보험 계열,㈜에이치지이니셔티브,
545,현대해상화재보험 계열,에이치지이니셔티브시몬느임팩트제1호 창업벤처전문사모투자합자회사,
546,현대해상화재보험 계열,㈜헤렌코퍼레이션,
547,현대해상화재보험 계열,㈜엠브이유,
548,한국브리지협회,한국브리지협회,
549,부국물산,부국물산,
550,루트임팩트,루트임팩트,
551,실반그룹,the sylvan group,
552,록펠러자선자문단,록펠러자선자문단,
553,리질리언트시티즈네트워크,리질리언트시티즈네트워크,
554,커뮤니타스아메리카,Communitas America,
555,현대엠파트너스주식회사,현대엠파트너스,
556,현대엠파트너스주식회사,현대미래로,
557,현대코퍼레이션홀딩스 그룹,현대코퍼레이션홀딩스(주),https://dart.fss.or.kr/dsaf001/main.do?rcpNo=20260323001454
558,현대코퍼레이션홀딩스 그룹,현대코퍼레이션(주),https://dart.fss.or.kr/dsaf001/main.do?rcpNo=20260323001413
559,현대코퍼레이션홀딩스 그룹,현대씨스퀘어(주),
560,현대코퍼레이션홀딩스 그룹,현대네비스(주),
561,현대코퍼레이션홀딩스 그룹,현대리뉴어블랩 주식회사,
562,현대코퍼레이션홀딩스 그룹,(주)에이치애비뉴앤컴퍼니,
563,현대코퍼레이션홀딩스 그룹,(주)현대에쓰앤에쓰,
564,현대코퍼레이션홀딩스 그룹,프롤로그벤처스(주),
565,현대코퍼레이션홀딩스 그룹,현대리어스 주식회사,
566,현대코퍼레이션홀딩스 그룹,루치노바(주),
567,현대코퍼레이션홀딩스 그룹,선영코리아(주),
568,현대코퍼레이션홀딩스 그룹,(주)큐앤씨,
569,현대코퍼레이션홀딩스 그룹,"HYUNDAI CNS, Co., Ltd",
570,현대코퍼레이션홀딩스 그룹,"HYUNDAI INDOCHINA PTE., LTD.",
571,현대코퍼레이션홀딩스 그룹,"HYUNDAI AGRO (CAMBODIA) CO., LTD.",
572,현대코퍼레이션홀딩스 그룹,"HYUNDAI PACKAGING (CAMBODIA) CO., LTD.",
573,현대코퍼레이션홀딩스 그룹,PT. HYUNDAI PACKAGING INDONESIA,
574,현대코퍼레이션홀딩스 그룹,"HYUNDAI PACKAGING (CAMBODIA)Ⅱ CO., LTD.",
575,현대코퍼레이션홀딩스 그룹,"HI PARTNERS ASSET CO., LTD.",
576,현대코퍼레이션홀딩스 그룹,"HYUNDAI KASEKAM KHMER CO., Ltd",
577,현대코퍼레이션홀딩스 그룹,HYUNDAI EURO PARTNERS LIMITED,
578,현대코퍼레이션홀딩스 그룹,SMITHY MUSHROOMS HOLDINGS LIMITED,
579,현대코퍼레이션홀딩스 그룹,SMITHY MUSHROOMS LIMITED,
580,현대코퍼레이션홀딩스 그룹,BULLA HOLDINGS (AUST) PTY LTD,
581,현대코퍼레이션홀딩스 그룹,BULLA MUSHROOMS (AUST) PTY LTD,
582,현대코퍼레이션홀딩스 그룹,HYUNDAI CORP. USA,
583,현대코퍼레이션홀딩스 그룹,"HYUNDAI AUSTRALIA PTY., LTD.",
584,현대코퍼레이션홀딩스 그룹,"HYUNDAI JAPAN CO., LTD.",
585,현대코퍼레이션홀딩스 그룹,HYUNDAI CANADA INC.,
586,현대코퍼레이션홀딩스 그룹,HYUNDAI CORP. EUROPE GMBH,
587,현대코퍼레이션홀딩스 그룹,POS-HYUNDAI STEEL MFG. (I) PVT.LTD.,
588,현대코퍼레이션홀딩스 그룹,PTHD INTI. DEVE.,
589,현대코퍼레이션홀딩스 그룹,HYUNDAI YEMEN LNG COMPANY LIMITED,
590,현대코퍼레이션홀딩스 그룹,HYUNDAI CORPORATION SINGAPORE PTE LTD,
591,현대코퍼레이션홀딩스 그룹,HYUNDAI CORPORATION ITALIA S.R.L.,
592,현대코퍼레이션홀딩스 그룹,PT HYUNDAI CORP INDONESIA,
593,현대코퍼레이션홀딩스 그룹,"HYUNDAI ONE ASIA PTE., LTD.",
594,현대코퍼레이션홀딩스 그룹,"HYUNDAI CORPORATION (SHANGHAI) CO., LTD.",
595,현대코퍼레이션홀딩스 그룹,HYUNDAI PLATFORM CORP,
596,현대코퍼레이션홀딩스 그룹,HYUNDAI ONE EUROPE GMBH,
597,현대코퍼레이션홀딩스 그룹,HYUNDAI FUELS PTE. LTD.,
598,현대코퍼레이션홀딩스 그룹,"SHANGHAI ONE ASIA LOGISTICS CO., LTD",
599,현대코퍼레이션홀딩스 그룹,HYUNDAI RENEWABLE LAB JAPAN,
600,현대코퍼레이션홀딩스 그룹,HANOI ONE ASIA LOGISTICS,
601,현대코퍼레이션홀딩스 그룹,HYUNDAI RENEWABLE LAB MIMASAKA,
602,현대코퍼레이션홀딩스 그룹,HYUNDAI RENEWABLE LAB YUMESAKI,
603,현대코퍼레이션홀딩스 그룹,HYUNDAI RENEWABLE LAB EHIME,
604,현대코퍼레이션홀딩스 그룹,HY AUTO SOLUTION,
605,현대코퍼레이션홀딩스 그룹,"HYUNDAI CORPORATION MEXICO, S. DE R.L. DE C.V.",
606,현대코퍼레이션홀딩스 그룹,"HYUNDAI FRONTIER AUSTRALIA HOLDINGS PTY., LTD.",
607,현대코퍼레이션홀딩스 그룹,"HFA DISTRIBUTORS PTY., LTD.",
608,현대코퍼레이션홀딩스 그룹,"HFA FINANCE PTY., LTD.",
609,현대코퍼레이션홀딩스 그룹,"RENTCORP HYUNDAI FORKLIFT PTY., LTD.",
610,현대코퍼레이션홀딩스 그룹,CINOS AUTOMOTIVE INDIA PRIVATE LTD.,
611,현대코퍼레이션홀딩스 그룹,"SIGMA(TIANJIN) AUTOMOTIVE PARTS CO., LTD.",
612,현대코퍼레이션홀딩스 그룹,D MEX AUSTRALIA PTY LTD,
613,현대코퍼레이션홀딩스 그룹,EP FORKLIFTS AUSTRALIA PTY LTD,
614,현대코퍼레이션홀딩스 그룹,ELIAS AUTO INDIA PRIVATE LIMITED,
615,엠티인더스트리,엠티인더스트리,
616,케이퓨처파트너스,케이퓨처파트너스,
617,KCC그룹,(주)케이씨씨,https://dart.fss.or.kr/dsaf001/main.do?rcpNo=20260309001896
618,KCC그룹,(주)케이씨씨건설,
619,KCC그룹,(주)케이씨씨글라스,https://dart.fss.or.kr/dsaf001/main.do?rcpNo=20260319000948
620,KCC그룹,(주)케이씨씨실리콘,
621,KCC그룹,(주)금강레저,
622,KCC그룹,미래(주),
623,KCC그룹,세우실업(주),
624,KCC그룹,(주)동주상사,
625,KCC그룹,(주)동주,
626,KCC그룹,대호포장(주),
627,KCC그룹,(주)동주피앤지,
628,KCC그룹,(주)케이씨더블유,
629,KCC그룹,신한벽지(주),
630,KCC그룹,KCC Chemical (HK) Holdings Limited,
631,KCC그룹,"KCC Chemical (Kunshan) Co., Ltd.",
632,KCC그룹,"KCC Chemical (Beijing) Co., Ltd.",
633,KCC그룹,"KCC Chemical (Guangzhou) Co., Ltd.",
634,KCC그룹,"KCC Chemical (Chongqing) Co., Ltd.",
635,KCC그룹,"KCC Chemical (Tianjin) Co., Ltd.",
636,KCC그룹,"Yuan Yuan Investment (Shanghai) Co., Ltd.",
637,KCC그룹,KCC (Singapore) Pte. Ltd.,
638,KCC그룹,KCC Paints Sdn. Bhd.,
639,KCC그룹,KCC Coating Sdn. Bhd.,
640,KCC그룹,PT KCC Indonesia,
641,KCC그룹,KCC Paint (India) Private Limited,
642,KCC그룹,KCC (Vietnam) Company Limited,
643,KCC그룹,"KCC (Hanoi) Co., Ltd.",
644,KCC그룹,KCC (Viet Nam Nhon Trach) Company Limited,
645,KCC그룹,KCC Boya Sanayi ve Ticaret Limited Sirketi,
646,KCC그룹,Polysilicon Technology Company,
647,KCC그룹,KCC Europe GmbH,
648,KCC그룹,"KCC Japan Co., Ltd.",
649,KCC그룹,"KCC International Paints Co., Ltd.",
650,KCC그룹,KCC PAINTS FE LLC,
651,KCC그룹,MOM Holding Company,
652,KCC그룹,MPM Holdings Inc.,
653,KCC그룹,MPM Intermediate Holdings Inc.,
654,KCC그룹,Momentive Performance Materials Inc.,
655,KCC그룹,Momentive Performance Materials USA LLC,
656,KCC그룹,Momentive Performance Materials Worldwide LLC,
657,KCC그룹,Juniper Bond Holdings III LLC,
658,KCC그룹,Juniper Bond Holdings IV LLC,
659,KCC그룹,Momentive Performance Materials China SPV Inc.,
660,KCC그룹,Momentive Performance Materials Nova Scotia ULC,
661,KCC그룹,Momentive Performance Materials S. de R.L. de C.V.,
662,KCC그룹,Momentive Performance Materials Industria de Silicones Ltda,
663,KCC그룹,Momentive Performance Materials Japan LLC,
664,KCC그룹,Momentive Performance Materials Asia Pacific Pte Ltd,
665,KCC그룹,Momentive Performance Materials Pte Ltd,
666,KCC그룹,Momentive Performance Materials GmbH,
667,KCC그룹,Momentive Performance Materials FZE,
668,KCC그룹,Nautilus Pacific Two Pte Ltd,
669,KCC그룹,"MPM Silicones, LLC",
670,KCC그룹,Momentive Performance Materials South America Inc.,
671,KCC그룹,MPM AR LLC,
672,KCC그룹,Momentive Performance Materials (India) Private Limited,
673,KCC그룹,Momentive Performance Materials Francel,
674,KCC그룹,Momentive Performance Materials Kimya Sanayi Ve Ticaret Limited Sirketi,
675,KCC그룹,Momentive Performance Materials Limited,
676,KCC그룹,Momentive Performance Materials Italy Srl,
677,KCC그룹,Momentive Performance Materials Benelux BV,
678,KCC그룹,Momentive Performance Materials Silicones BV,
679,KCC그룹,Ohta Kako LLC,
680,KCC그룹,Momentive Performance Materials Specialties Srl,
681,KCC그룹,Momentive Performance Materials Shanghai Co Ltd,
682,KCC그룹,Momentive Performance Materials (Nantong) Co Ltd,
683,KCC그룹,"Momentive (Shanghai) Investment Co., Ltd.",
684,KCC그룹,"Momentive Performance Materials (Shanghai) Trading Co., Ltd.",
685,KCC그룹,Momentive Performance Materials (Thailand) Ltd,
686,KCC그룹,Momentive Performance Materials Hong Kong Ltd,
687,KCC그룹,TA Holding Pte Ltd,
688,KCC그룹,Momentive Performance Materials Holdings UK Limited,
689,KCC그룹,Basildon Chemical Co. Limited,
690,KCC그룹,SIC Management Ltd,
691,KCC그룹,SIC Investment Ltd,
692,KCC그룹,SIC Investment Tunisia Ltd,
693,KCC그룹,PT. KCC GLASS INDONESIA,
694,HL 그룹,에이치엘홀딩스(주),
695,HL 그룹,에이치엘만도(주),
696,HL 그룹,에이치엘디앤아이한라(주),
697,HL 그룹,에이치엘위코(주),
698,HL 그룹,(주)제이제이한라,
699,HL 그룹,에이치엘리츠운용(주),
700,HL 그룹,에이치엘로보틱스(주),
701,HL 그룹,(주)에이치엘클레무브,https://dart.fss.or.kr/dsaf001/main.do?rcpNo=20260320001094
702,HL 그룹,만도브로제(주),
703,HL 그룹,에이치엘에코텍(주),
704,HL 그룹,목포신항만운영(주),
705,HL 그룹,에이치엘로지스앤코(주),
706,HL 그룹,배곧신도시지역특성화타운(주),
707,HL 그룹,발안남양도로(주),
708,HL 그룹,"HL Mando (Beijing) Automotive System R&D Center Co., Ltd.",
709,HL 그룹,"HL Mando (Suzhou) Automotive System Co., Ltd.",
710,HL 그룹,"HL Mando (Beijing) Automotive System Co., Ltd.",
711,HL 그룹,"HL Mando (Tianjin) Automotive System Co., Ltd.",
712,HL 그룹,"HL Mando (Beijing) Trading Co., Ltd.",
713,HL 그룹,"HL Mando(Ningbo) Automotive System Co.,Ltd.",
714,HL 그룹,Tianrun HL Mando (Shandong) Automotive Technology Co. Ltd.,
715,HL 그룹,HL Mando America Corporation,
716,HL 그룹,HL Mando Corporation do Brasil Industry and Commercial Auto Parts. Ltda,
717,HL 그룹,"Alabama Plating Technology, LLC",
718,HL 그룹,Higher Life Ventures Management LLC,
719,HL 그룹,"HL Mando Corporation Mexico, S.A. de C.V.",
720,HL 그룹,"Luan Automotive Mexico, S. De R.L. De C.V.",
721,HL 그룹,"HL Mando Softtech India Private, Ltd",
722,HL 그룹,HL Mando Anand India Private Limited,
723,HL 그룹,HL Mando Corporation Europe GmbH,
724,HL 그룹,HL Mando Corporation Poland sp.zo.o.,
725,HL 그룹,Maysan Mando Otomotiv Parcalari San. Ve Tic. A.S.,
726,HL 그룹,Autoventure Mando Sdn. Bhd,
727,HL 그룹,Stanley Robotics SAS,
728,HL 그룹,Stanley Robotics UK Ltd,
729,HL 그룹,Stanley Robotics Canada Inc,
730,HL 그룹,STANLEY ROBOTICS INC.,
731,HL 그룹,HL URIMAN.Inc,
732,HL 그룹,HL Logistic America Corporation,
733,HL 그룹,HL Transportation LLC,
734,HL 그룹,"HL (Suzhou) Logistics Co, Ltd",
735,HL 그룹,"HL Logistics Suzhou Co.,LTD",
736,HL 그룹,"HL Module Shanghai Co.,LTD",
737,HL 그룹,HL Aftermarket Otomotiv Parcaları Sanayi Ve Ticaret Anonim ?irketi,
738,HL 그룹,HL Corporation Berlin GmbH,
739,HL 그룹,HL ANAND Automotive Parts Private Limited,
740,HL 그룹,"HL Trading & Logistics Mexico, S.A. DE C.V.",
741,HL 그룹,"HL Klemove (Suzhou) Co., Ltd.",
742,HL 그룹,HL Klemove India Private Limited,
743,HL 그룹,HL Klemove Mexico Corporation S.A. DE C.V.,
744,HL 그룹,HL Klemove America Corporation,
745,HL 그룹,"Mando Brose (Zhangjiagang) Electric Motors Co.,Ltd.",
746,HL 그룹,"HALLA E&C MEXICO, S. DE R.L. DE C.V.",
747,HL 그룹,HL Properties America Corporation,
748,학교법인 배달학원,학교법인 배달학원,
749,로터스프라이빗에쿼티,로터스프라이빗에쿼티,
750,한일홀딩스 그룹,한일홀딩스㈜,https://dart.fss.or.kr/dsaf001/main.do?rcpNo=20260318001536
751,한일홀딩스 그룹,한일시멘트㈜,https://dart.fss.or.kr/dsaf001/main.do?rcpNo=20260317000863
752,한일홀딩스 그룹,한일산업㈜,
753,한일홀딩스 그룹,한일L&C㈜,
754,한일홀딩스 그룹,한일인터내셔널㈜,
755,한일홀딩스 그룹,하늘목장㈜,
756,한일홀딩스 그룹,한일VC㈜,
757,한일홀딩스 그룹,한일E&C㈜,
758,한일홀딩스 그룹,Amass Star V.C,
759,한일홀딩스 그룹,㈜서울랜드,
760,한일홀딩스 그룹,㈜루미호스피탈리티,
761,한일홀딩스 그룹,㈜크래머리,
762,한일홀딩스 그룹,HD-JAPAN,
763,한일홀딩스 그룹,한덕개발㈜,
764,한일홀딩스 그룹,㈜세우리,
765,한일홀딩스 그룹,㈜필라넷,
766,한일홀딩스 그룹,㈜아롬정보기술,
767,한일홀딩스 그룹,미디어그룹테이크투㈜,
768,한일홀딩스 그룹,뉴커런츠㈜,
769,한일홀딩스 그룹,㈜방송식당,
770,한일홀딩스 그룹,(유)소녀리버스문화산업전문회사,
771,한일홀딩스 그룹,스마트투문화산업전문(유),
772,한일홀딩스 그룹,HHH GLOBAL PTE. LTD.,
773,한일홀딩스 그룹,VAXION CORP,
774,한일홀딩스 그룹,㈜백션코리아,
775,한일홀딩스 그룹,㈜충무화학,
776,한일홀딩스 그룹,한일이디㈜,
777,한일홀딩스 그룹,㈜이에프,
778,한일홀딩스 그룹,㈜동산,
779,한일홀딩스 그룹,세원개발㈜,
780,한일홀딩스 그룹,"Hanil Development, Inc",
781,한일홀딩스 그룹,DUNER HOLDINGS,
782,한일홀딩스 그룹,㈜중산기업,
783,한일홀딩스 그룹,㈜알디피,
784,한일홀딩스 그룹,㈜씨엠솔라1,
785,한일홀딩스 그룹,㈜델라토니,
786,성우그룹,현대성우홀딩스,
787,성우그룹,현대성우쏠라이트㈜,
788,성우그룹,현대성우USA,
789,성우그룹,현대성우캐스팅㈜,
790,성우그룹,롱코우성우기차배건유한공사,
791,성우이컴,성우이컴,
792,현대종합금속,현대종합금속,
793,현대종합금속,"HYUNDAI WELDING Japan CO., LTD.",
794,현대종합금속,"HYUNDAI WELDING(Kunshan) CO., LTD.",
795,현대종합금속,"HYUNDAI WELDING VINA CO., LTD.",
796,현대종합금속,"HYUNDAI WELDING PRODUCTS, INC",
797,현대종합금속,HYUNDAI WELDING(S'PORE) PTE. LTD.,
798,현대종합금속,HYUNDAI WELDING GMBH,
799,현대종합금속,HYUNDAI WELDING Turkey,
800,현대종합금속,"HYUNDAI WELDING RUS,LLC.",
801,현대종합금속,Hyundai Welding Sp. z o.o.,
802,현대종합금속,Chennstar Private Limited,
803,현대종합금속,"현대슈퍼텍(주)(구, 슈퍼텍용접봉(주))",
804,현대종합금속,현대피엔에스(주),
805,현대종합금속,현대글로빌(주),
806,현대종합금속,현대이엔에스(주),
807,현대종합금속,산타파트너스주식회사,
808,현대종합금속,산타셀즈주식회사,
809,현대종합금속,산타우즈주식회사,
810,글로빌프로세스,글로빌프로세스,
811,한솔 그룹,한솔홀딩스(주),https://dart.fss.or.kr/dsaf001/main.do?rcpNo=20260318001586
812,한솔 그룹,한솔제지(주),https://dart.fss.or.kr/dsaf001/main.do?rcpNo=20260316000945
813,한솔 그룹,(주)한솔홈데코,https://dart.fss.or.kr/dsaf001/main.do?rcpNo=20260311003988
814,한솔 그룹,한솔테크닉스(주),https://dart.fss.or.kr/dsaf001/main.do?rcpNo=20260326000925
815,한솔 그룹,한솔로지스틱스(주),https://dart.fss.or.kr/dsaf001/main.do?rcpNo=20260313000860
816,한솔 그룹,한솔인티큐브(주),
817,한솔 그룹,한솔아이원스(주),https://dart.fss.or.kr/dsaf001/main.do?rcpNo=20250310001018
818,한솔 그룹,(주)한솔케미칼,https://dart.fss.or.kr/dsaf001/main.do?rcpNo=20260318001424
819,한솔 그룹,(주)테이팩스,https://dart.fss.or.kr/dsaf001/main.do?rcpNo=20260316001319
820,한솔 그룹,한솔페이퍼텍(주),
821,한솔 그룹,한솔피엔에스(주),https://dart.fss.or.kr/dsaf001/main.do?rcpNo=20260312000618
822,한솔 그룹,(주)에스아이머트리얼즈,
823,한솔 그룹,(주)티에스엠,
824,한솔 그룹,(주)이에스머트리얼즈,
825,한솔 그룹,(주)티지머트리얼즈,
826,한솔 그룹,(주)에코지,
827,한솔 그룹,(주)한솔오리온텍,
828,한솔 그룹,한솔티씨에스(주),
829,한솔 그룹,한솔로지스유(주),
830,한솔 그룹,문경에스코(주),
831,한솔 그룹,(주)한솔에코패키징,
832,한솔 그룹,한솔코에버(주),
833,한솔 그룹,(주)스티커스코퍼레이션,
834,한솔 그룹,(주)솔머티리얼즈,
835,한솔 그룹,(주)에이치에스머티리얼즈,
836,한솔 그룹,(주)바이옥스,
837,한솔 그룹,코스코페이퍼(주),
838,한솔 그룹,(유)와이에이치에이치홀딩스,
839,한솔 그룹,"Hansol America, Inc.",
840,한솔 그룹,Hansol Europe B.V.,
841,한솔 그룹,Hansol KNM Greentech Sdn. Bhd.,
842,한솔 그룹,Hansol New Zealand Ltd.,
843,한솔 그룹,"Hansol Homedeco Vietnam Co.,Ltd.",
844,한솔 그룹,"Hansol Technics(Thailand) Co.,Ltd.",
845,한솔 그룹,Hansol Technics Europe s.r.o,
846,한솔 그룹,"Hansol Electronics Vietnam Co.,Ltd.",
847,한솔 그룹,"Hansol Electronics Vietnam Hochiminhcity Co.,Ltd",
848,한솔 그룹,"Hansol Precision Materials(kunshan) Co., Ltd",
849,한솔 그룹,IONES Technology INC,
850,한솔 그룹,Hansol Iones Taiwan Ltd.,
851,한솔 그룹,Hansol Logistics Malaysia Sdn. Bhd,
852,한솔 그룹,"Hansol Logistics Vina Co., Ltd.",
853,한솔 그룹,"Hansol Logistics Shanghai Co., Ltd.",
854,한솔 그룹,"Hansol Logistics(Hongkong) Co., Ltd.",
855,한솔 그룹,"Hansol Logistics(Tianjin) Co., Ltd.",
856,한솔 그룹,Hansol Gold Point LLC.,
857,한솔 그룹,Hansol Logistics India Pvt. Ltd.,
858,한솔 그룹,Hansol Logistics Hungary KFT.,
859,한솔 그룹,"Hansol Global Logistics USA, INC.",
860,한솔 그룹,Hansol Logistics Poland Sp.z.o.o.,
861,한솔 그룹,"HANSOL LOGISTICS (YANCHENG) Co.,Ltd.",
862,한솔 그룹,"Hansol Electronic Materials(Xi'an) Co., Ltd.",
863,한솔 그룹,"TAPEX Technology (Shenzhen) Co.,Ltd.",
864,한솔 그룹,TAPEX ELECTRONIC SOLUTIONS(M) SDN. BHD,
865,성우전자,성우전자,https://dart.fss.or.kr/dsaf001/main.do?rcpNo=20260313001395
866,성우정보통신,성우정보통신,
867,성우오토텍㈜,성우오토텍㈜,
868,성우오토텍㈜,주식회사 성우,
869,성우오토텍㈜,주식회사 효광,
870,유알컬쳐,유알컬쳐,
871,한국무브넥스계열,한국무브넥스,https://dart.fss.or.kr/dsaf001/main.do?rcpNo=20260323000529
872,한국무브넥스계열,서한이노빌리티㈜,
873,한국무브넥스계열,서한이앤피㈜,
874,한국무브넥스계열,서한엔티엔베어링㈜,
875,한국무브넥스계열,오토메탈글로벌㈜,
876,한국무브넥스계열,디코어㈜,
877,한국무브넥스계열,북경서한,
878,한국무브넥스계열,서한오토USA,
879,한국무브넥스계열,서한오토멕시코,
880,한국무브넥스계열,SEOHAN AMERICA,
881,한국무브넥스계열,서한오토조지아,
882,서한GP,서한GP,
883,후성 그룹,(주)후성,https://dart.fss.or.kr/dsaf001/main.do?rcpNo=20260318001491
884,후성 그룹,한국내화 (주),https://dart.fss.or.kr/dsaf001/main.do?rcpNo=20260319000796
885,후성 그룹,퍼스텍(주),https://dart.fss.or.kr/dsaf001/main.do?rcpNo=20260312000931
886,후성 그룹,(주)한텍,https://dart.fss.or.kr/dsaf001/main.do?rcpNo=20260318000570
887,후성 그룹,후성홀딩스(주),
888,후성 그룹,후성정공(주),
889,후성 그룹,일광이앤씨(주),
890,후성 그룹,(주)트래닛,
891,후성 그룹,유콘시스템(주),
892,후성 그룹,(주)오션스글로벌,
893,후성 그룹,후성글로벌(주),
894,후성 그룹,후성코퍼레이션(주),
895,후성 그룹,(주)에프씨스페셜티,
896,후성 그룹,북경후성태극기차부건유한공사,
897,후성 그룹,후성정공기차부건소주유한공사,
898,후성 그룹,소주후성화공유한공사,
899,후성 그룹,FOOSUNG U.S.A Inc,
900,후성 그룹,Foosung Slovakia s.r.o,
901,후성 그룹,후성정공(영파)기차부건유한공사,
902,후성 그룹,IMR,
903,후성 그룹,후성과기(남통)유한공사,
904,후성 그룹,중경후성태극기차부품유한공사,
905,후성 그룹,후성 신재료(남통) 유한공사,
906,후성 그룹,후성폴란드유한회사,
907,후성 그룹,후성카작,
908,후성 그룹,후성춘환반도체설비과기(장수)유한공사,
909,후성 그룹,"TRANIT VINA CO., LTD",
910,후성 그룹,PT FOOSUNG INTERNATIONAL INDONESIA,
911,아트스퀘어,아트스퀘어,
912,가교아트,가교아트,
913,에이치디씨 그룹,에이치디씨(주),
914,에이치디씨 그룹,에이치디씨현대산업개발(주),
915,에이치디씨 그룹,에이치디씨현대이피(주),
916,에이치디씨 그룹,에이치디씨랩스(주),
917,에이치디씨 그룹,에이치디씨아이앤콘스(주),
918,에이치디씨 그룹,에이치디씨아이파크몰(주),
919,에이치디씨 그룹,에이치디씨영창(주),
920,에이치디씨 그룹,에이치디씨신라면세점(주),
921,에이치디씨 그룹,에이치디씨스포츠(주),
922,에이치디씨 그룹,부산컨테이너터미널(주),
923,에이치디씨 그룹,북항아이브리지(주),
924,에이치디씨 그룹,아이파크마리나(주),
925,에이치디씨 그룹,서울-춘천고속도로(주),
926,에이치디씨 그룹,통영에코파워(주),https://dart.fss.or.kr/dsaf001/main.do?rcpNo=20260331000571
927,에이치디씨 그룹,(주)에이치디씨민간임대주택제1호위탁관리부동산투자회사,
928,에이치디씨 그룹,에이치디씨현대피씨이(주),
929,에이치디씨 그룹,호텔에이치디씨(주),
930,에이치디씨 그룹,에이치디씨리조트(주),
931,에이치디씨 그룹,시흥서울연결도로(주),
932,에이치디씨 그룹,(주)광명문화복합단지자산관리,
933,에이치디씨 그룹,인천신항배후단지(주),
934,에이치디씨 그룹,미래비아이(주),
935,에이치디씨 그룹,(주)에이치디씨아이파크제1호위탁관리부동산투자회사,
936,에이치디씨 그룹,(주)에이치디씨아이파크제2호위탁관리부동산투자회사,
937,에이치디씨 그룹,에이치디씨자산운용(주),
938,에이치디씨 그룹,엠엔큐투자파트너스(유),
939,에이치디씨 그룹,제이앤씨인베스트먼트(유),
940,에이치디씨 그룹,더블유앤씨인베스트먼트(유),
941,에이치디씨 그룹,에스비디인베스트먼트(유),
942,에이치디씨 그룹,마스턴제113호로지스포인트서운피에프브이㈜,
943,에이치디씨 그룹,에이치디씨폴리올(주),
944,에이치디씨 그룹,씨제이에이치디씨비오솔(주),
945,에이치디씨 그룹,서창김포고속도로(주),
946,대한축구협회,대한축구협회,
947,부산아이파크,부산아이파크,
948,포니정장학재단,포니정장학재단,
949,대한화재보험,대한화재보험,
950,코테F&D,코테에프엔디,
951,인트란스,인트란스,
952,인트란스해운,인트란스해운,
953,전방 주식회사,전방,https://dart.fss.or.kr/dsaf001/main.do?rcpNo=20260319000974
954,전방 주식회사,전방오토(주),
955,전방 주식회사,청도콘덴사(주),
956,퍼시픽콘트롤즈,퍼시픽콘트롤즈,
957,엠오엠홀딩스,엠오엠홀딩스,
958,서전문화재단,서전문화재단,
959,롯데,롯데지주㈜,https://dart.fss.or.kr/dsaf001/main.do?rcpNo=20260316001619
960,롯데,롯데렌탈㈜,https://dart.fss.or.kr/dsaf001/main.do?rcpNo=20260316000884
961,롯데,롯데쇼핑㈜,https://dart.fss.or.kr/dsaf001/main.do?rcpNo=20260312001405
962,롯데,롯데에너지머티리얼즈㈜,https://dart.fss.or.kr/dsaf001/main.do?rcpNo=20260310002974
963,롯데,롯데웰푸드㈜,https://dart.fss.or.kr/dsaf001/main.do?rcpNo=20260312000907
964,롯데,롯데위탁관리부동산투자회사㈜,
965,롯데,롯데이노베이트㈜,https://dart.fss.or.kr/dsaf001/main.do?rcpNo=20260313000002
966,롯데,롯데정밀화학㈜,https://dart.fss.or.kr/dsaf001/main.do?rcpNo=20260311004005
967,롯데,롯데칠성음료㈜,https://dart.fss.or.kr/dsaf001/main.do?rcpNo=20260311004566
968,롯데,롯데케미칼㈜,https://dart.fss.or.kr/dsaf001/main.do?rcpNo=20260312001296
969,롯데,롯데하이마트㈜,https://dart.fss.or.kr/dsaf001/main.do?rcpNo=20260311004061
970,롯데,그린위드㈜,
971,롯데,롯데건설㈜,https://dart.fss.or.kr/dsaf001/main.do?rcpNo=20260331004727
972,롯데,롯데광주씨케이㈜,
973,롯데,롯데글로벌로지스㈜,https://dart.fss.or.kr/dsaf001/main.do?rcpNo=20260331004385
974,롯데,롯데김해개발㈜,
975,롯데,롯데네슬레코리아㈜,
976,롯데,롯데디에프리테일㈜,
977,롯데,롯데멤버스㈜,
978,롯데,롯데면세점제주㈜,
979,롯데,롯데물산㈜,https://dart.fss.or.kr/dsaf001/main.do?rcpNo=20260331004817
980,롯데,롯데미래전략연구소㈜,
981,롯데,롯데미쓰이화학㈜,
982,롯데,롯데바이오로직스㈜,
983,롯데,롯데베르살리스엘라스토머스㈜,
984,롯데,롯데벤처스㈜,
985,롯데,롯데부산신항로지스㈜,
986,롯데,롯데부산씨케이㈜,
987,롯데,롯데상사㈜,
988,롯데,롯데알미늄㈜,
989,롯데,롯데에스케이에너루트㈜,
990,롯데,롯데에이엠씨㈜,
991,롯데,롯데에코월㈜,
992,롯데,롯데엔지니어링플라스틱㈜,
993,롯데,롯데엠시시㈜,
994,롯데,롯데역사㈜,
995,롯데,롯데오토리스㈜,https://dart.fss.or.kr/dsaf001/main.do?rcpNo=20260330000281
996,롯데,롯데오토케어㈜,
997,롯데,롯데용인씨케이㈜,
998,롯데,롯데울산개발㈜,
999,롯데,롯데이엠글로벌㈜,
1000,롯데,롯데인프라셀㈜,
1001,롯데,롯데자산개발㈜,
1002,롯데,롯데제이티비㈜,
1003,롯데,롯데지알에스㈜,
1004,롯데,롯데지에스화학㈜,
1005,롯데,롯데지에프알㈜,
1006,롯데,롯데캐피탈㈜,https://dart.fss.or.kr/dsaf001/main.do?rcpNo=20260331001823
1007,롯데,롯데컬처웍스㈜,
1008,롯데,롯데테크㈜,
1009,롯데,롯데패키징솔루션즈㈜,
1010,롯데,롯데평택씨케이㈜,
1011,롯데,마곡지구피에프브이㈜,
1012,롯데,산청음료㈜,
1013,롯데,서울복합물류자산관리㈜,
1014,롯데,서울복합물류프로젝트금융투자㈜,
1015,롯데,스마일위드㈜,
1016,롯데,스위트위드㈜,
1017,롯데,스푼㈜,
1018,롯데,씨에스유통㈜,
1019,롯데,씨에이치음료㈜,
1020,롯데,에프알엘코리아㈜,
1021,롯데,㈜그린카,
1022,롯데,㈜대홍기획,
1023,롯데,㈜롯데아사히주류,
1024,롯데,㈜롯데자이언츠,
1025,롯데,㈜백학음료,
1026,롯데,㈜부산롯데호텔,
1027,롯데,㈜빅썸바이오,
1028,롯데,㈜씨텍,
1029,롯데,㈜아이알엠,
1030,롯데,㈜에스디제이,
1031,롯데,㈜엔젤위드,
1032,롯데,㈜우리홈쇼핑,
1033,롯데,㈜울산에너루트2호,
1034,롯데,㈜이지고,
1035,롯데,㈜충북소주,
1036,롯데,㈜코리아세븐,https://dart.fss.or.kr/dsaf001/main.do?rcpNo=20260331003768
1037,롯데,㈜큐브리펀드,
1038,롯데,㈜파이넥스,
1039,롯데,㈜호텔롯데,https://dart.fss.or.kr/dsaf001/main.do?rcpNo=20260331004734
1040,롯데,캐논코리아㈜,
1041,롯데,하남씨엔에프㈜,
1042,롯데,한국에스티엘㈜,
1043,롯데,한국후지필름㈜,
1044,롯데,한덕화학㈜,
1045,롯데,Aimee BVBA,
1046,롯데,Almaty Sweets LLC,
1047,롯데,An Hung Investment TM DV Corporation,
1048,롯데,BELENCO DIS TICARET A.S.,
1049,롯데,Chocolaterie Guylian Deutschland GmbH,
1050,롯데,Chocolaterie Guylian N.V,
1051,롯데,Coralis S.A.,
1052,롯데,"Coralis Vietnam Co.,Ltd.",
1053,롯데,"DAEHONG COMMUNICATIONS VIETNAM CO., LTD",
1054,롯데,Dari K ㈜,
1055,롯데,EVSIS America LLC,
1056,롯데,"Guylian Iberia, LDA",
1057,롯데,Guylian UK Ltd,
1058,롯데,"Guylian USA, Inc",
1059,롯데,HAI THANH-LOTTE COMPANY LIMITED,
1060,롯데,HOTEL LOTTE HOLDINGS HK LIMITED,
1061,롯데,INTERNATIONAL BUSINESS CENTER COMPANY LIMITED,
1062,롯데,JSC Lotte RUS,
1063,롯데,Kestrel Farming Pty Ltd,
1064,롯데,Kor-Uz Gas Chemical Investment Ltd.,
1065,롯데,KYUNG YU PTE. LTD.,
1066,롯데,L & M Confectionery Pte. Ltd.,
1067,롯데,L&M Mayson Company Limited,
1068,롯데,"LACC, LLC",
1069,롯데,"LHK Chicago, LLC",
1070,롯데,LOTTE AKHTAR BEVERAGES (PRIVATE) LTD,
1071,롯데,LOTTE ALUMINIUM MATERIALS USA LLC,
1072,롯데,LOTTE ALUMINIUM USA Corporation,
1073,롯데,LOTTE AUTO GLOBAL MIDDLE EAST FZE,
1074,롯데,Lotte Battery Materials USA Corporation,
1075,롯데,LOTTE BEVERAGE AMERICA CORP.,
1076,롯데,LOTTE Beverage Holdings (Singapore) Pte. Ltd.,
1077,롯데,"Lotte Biologics USA, LLC",
1078,롯데,"Lotte C&F Vietnam Co., Ltd.",
1079,롯데,"LOTTE Chemical (Thailand) Co., Ltd.",
1080,롯데,Lotte Chemical Alabama Corporation,
1081,롯데,"LOTTE Chemical California, Inc.",
1082,롯데,LOTTE Chemical Deutschland GMBH,
1083,롯데,"LOTTE Chemical Engineering Plastics (Dongguan) Co., Ltd.",
1084,롯데,LOTTE Chemical Engineering Plastics (Haryana) Private Limited,
1085,롯데,"LOTTE Chemical Engineering Plastics (Tianjin) Co., Ltd.",
1086,롯데,LOTTE Chemical Hungary Ltd.,
1087,롯데,"LOTTE Chemical Japan Co., Ltd.",
1088,롯데,"LOTTE Chemical Louisiana, LLC",
1089,롯데,LOTTE Chemical Mexico S.A. de C.V.,
1090,롯데,LOTTE CHEMICAL NIGERIA LIMITED,
1091,롯데,Lotte Chemical Titan (M) Sdn. Bhd.,
1092,롯데,Lotte Chemical Titan Corporation SDN. BHD.,
1093,롯데,LOTTE CHEMICAL TITAN HOLDING BERHAD,
1094,롯데,Lotte Chemical Titan International Limited,
1095,롯데,Lotte Chemical Titan International Sdn. Bhd.,
1096,롯데,LOTTE CHEMICAL TURKEY SURFACE DESIGNS INDUSTRY AND TRADE INC.,
1097,롯데,LOTTE Chemical USA Corporation,
1098,롯데,"LOTTE Chemical Vietnam Co., Ltd.",
1099,롯데,"LOTTE CHILSUNG (SHANGHAI) BEVERAGE CO., LTD",
1100,롯데,LOTTE CHILSUNG BEVERAGE RUS LLC,
1101,롯데,Lotte Confectionery (S.E.A.) Pte. Ltd.,
1102,롯데,Lotte Confectionery Holdings (Europe) B.V.,
1103,롯데,Lotte Confectionery RUS LLC,
1104,롯데,"Lotte Duty Free Guam, LLC",
1105,롯데,Lotte Duty Free Hong Kong Ltd.,
1106,롯데,"Lotte Duty Free Japan Co., Ltd.",
1107,롯데,"Lotte Duty Free Kansai Co., Ltd.",
1108,롯데,"Lotte Duty Free Macau Co., Ltd.",
1109,롯데,LOTTE DUTY FREE SINGAPORE PTE. LTD.,
1110,롯데,Lotte E&C Malaysia Sdn. Bhd.,
1111,롯데,"LOTTE ECO LOGIS LONG AN CO., LTD.",
1112,롯데,"LOTTE E-COMMERCE VIETNAM CO., LTD",
1113,롯데,LOTTE ECOWALL CANADA INC.,
1114,롯데,LOTTE EcoWall Philippines Inc.,
1115,롯데,"LOTTE EcoWall USA, Inc",
1116,롯데,LOTTE EM America Corp.,
1117,롯데,Lotte EM Europe S.a r.l.,
1118,롯데,LOTTE EM HUNGARY Zrt.,
1119,롯데,Lotte EM Malaysia SDN. BHD.,
1120,롯데,"LOTTE Energy Materials Spain, S.L.",
1121,롯데,Lotte Engineering and Construction India Pvt. Ltd.,
1122,롯데,Lotte Engineering Construction Mongolia LLC,
1123,롯데,LOTTE ENTERTAINMENT VIETNAM COMPANY LIMITED,
1124,롯데,Lotte Europe Investment B.V.,
1125,롯데,LOTTE F&G VIETNAM COMPANY LIMITED,
1126,롯데,Lotte F&L Singapore Pte. Ltd.,
1127,롯데,LOTTE Fine Chemical Europe GmbH,
1128,롯데,"LOTTE Fine Chemical Trading(Shanghai) Co., Ltd.",
1129,롯데,LOTTE FLC JSC,
1130,롯데,"Lotte Food Holding Co.,Ltd.",
1131,롯데,"LOTTE FRANCHISE OPERATIONS, LLC",
1132,롯데,LOTTE Global Logistics (Germany) GmbH,
1133,롯데,"LOTTE Global Logistics (Hongkong) Co., Limited",
1134,롯데,"LOTTE Global Logistics (Hongkong) Holdings Co., Limited",
1135,롯데,LOTTE GLOBAL LOGISTICS (INDIA) PRIVATE LIMITED,
1136,롯데,LOTTE GLOBAL LOGISTICS (MALAYSIA) SDN. BHD.,
1137,롯데,LOTTE GLOBAL LOGISTICS (NORTH AMERICA) INC.,
1138,롯데,LOTTE GLOBAL LOGISTICS (SINGAPORE) PTE. LTD.,
1139,롯데,"LOTTE GLOBAL LOGISTICS (UK) HOLDINGS CO., LTD.",
1140,롯데,LOTTE GLOBAL LOGISTICS HUNGARY Kft.,
1141,롯데,"Lotte Global Logistics Kazakhstan Co., Ltd",
1142,롯데,"LOTTE GLOBAL LOGISTICS MEXICO, S.A. DE C.V",
1143,롯데,LOTTE GLOBAL LOGISTICS PHILIPPINES INC.,
1144,롯데,"LOTTE GLOBAL LOGISTICS VIETNAM CO.,LTD",
1145,롯데,LOTTE GLOBAL LOGISTICS(SINGAPORE) HOLDINGS PTE. LTD.,
1146,롯데,Lotte Holdings Hong Kong Limited,
1147,롯데,Lotte Hotel & Retail Vietnam Pte. Ltd.,
1148,롯데,"Lotte Hotel Arai Co., Ltd.",
1149,롯데,LOTTE Hotel Chicago LLC,
1150,롯데,Lotte Hotel Guam LLC.,
1151,롯데,LOTTE Hotel Holdings Europe B.V.,
1152,롯데,"LOTTE HOTEL HOLDINGS USA CO., LTD.",
1153,롯데,"LOTTE HOTEL NEW YORK PALACE, LLC.",
1154,롯데,"Lotte Hotel Saint Petersburg, LLC.",
1155,롯데,LOTTE Hotel Seattle LLC,
1156,롯데,"LOTTE HOTEL VIETNAM CO., LTD.",
1157,롯데,"LOTTE Hotel Vladivostok, LLC.",
1158,롯데,"LOTTE INDIA Co., Ltd.",
1159,롯데,LOTTE INFRACELL Hungary Kft,
1160,롯데,LOTTE Innovate America Co.,
1161,롯데,LOTTE INNOVATE VIETNAM COMPANY LIMITED,
1162,롯데,Lotte International America Corp.,
1163,롯데,Lotte International Australia Pty Ltd,
1164,롯데,Lotte International Khorol LLC,
1165,롯데,Lotte International Mikhailovka LLC,
1166,롯데,Lotte International Primorye LLC,
1167,롯데,Lotte Investment America Co.,
1168,롯데,LOTTE INVESTMENT PARTNERS SINGAPORE PTE. LTD.,
1169,롯데,Lotte Kolson(Pvt.) Limited,
1170,롯데,"LOTTE LAND CO., LTD",
1171,롯데,"LOTTE LIQUOR JAPAN CO.,LTD",
1172,롯데,Lotte Mart C&C India Private Limited,
1173,롯데,"LOTTE Members Vietnam Co., Ltd.",
1174,롯데,"LOTTE MGS Beverage (Myanmar) Co., Ltd.",
1175,롯데,LOTTE PHU KHANH DUTY FREE TRADING COMPANY LIMITED,
1176,롯데,LOTTE PROPERTIES (CHENGDU) HK LIMITED,
1177,롯데,LOTTE PROPERTIES (HANOI) SINGAPORE PTE. LTD.,
1178,롯데,"LOTTE PROPERTIES HANOI CO., LTD",
1179,롯데,LOTTE PROPERTIES HCMC COMPANY LIMITED,
1180,롯데,Lotte Properties(Shenyang) Ltd.,
1181,롯데,"Lotte Property & Development Vietnam Co., Ltd.",
1182,롯데,"LOTTE QINGDAO FOODS CO., LTD.",
1183,롯데,LOTTE Rakhat JSC,
1184,롯데,"LOTTE Rent-A-Car (Thailand) Co.,Ltd.",
1185,롯데,Lotte Rent-A-Car Vina Company Limited,
1186,롯데,Lotte Rental (Vietnam) Company Limited,
1187,롯데,LOTTE SHOPPING HOLDINGS (SINGAPORE) PTE. LTD.,
1188,롯데,"Lotte Shopping India Pvt.,Ltd",
1189,롯데,"Lotte Shopping Plaza Vietnam Co.,Ltd.",
1190,롯데,"Lotte Taiwan Co., Ltd.",
1191,롯데,LOTTE TECH Malaysia SDN. BHD.,
1192,롯데,"LOTTE TECH SPAIN, S.L.",
1193,롯데,LOTTE TRAVEL RETAIL AUSTRALIA PTY LTD,
1194,롯데,LOTTE TRAVEL RETAIL NEW ZEALAND LIMITED,
1195,롯데,LOTTE TRAVEL RETAIL SINGAPORE PTE. LTD.,
1196,롯데,LOTTE UBE SYNTHETIC RUBBER SDN. BHD.,
1197,롯데,Lotte USA LLC,
1198,롯데,LOTTE VENTURES VIETNAM COMPANY LIMITED,
1199,롯데,"Lotte Vietnam Co., Ltd.",
1200,롯데,LOTTE VIETNAM SHOPPING JOINT STOCK COMPANY,
1201,롯데,"Lotte Vina International Co., Ltd.",
1202,롯데,"LOTTE VINATRANS GLOBAL LOGISTICS (VIETNAM) CO., LTD",
1203,롯데,Lotte Wedel Sp. z o.o.,
1204,롯데,"Lotte World Vietnam Co., Ltd",
1205,롯데,"LotteCinema Vietnam Co., Ltd.",
1206,롯데,"LOTTEGRS USA, INC.",
1207,롯데,Lotte-HPT High Tech. Vietnam Company Limited,
1208,롯데,"LOTTERIA Fullerton CA, INC",
1209,롯데,"Lotteria USA, Inc.",
1210,롯데,Office S&C Pte Ltd.,
1211,롯데,"Pepsi-Cola Products Philippines, Inc.",
1212,롯데,Pijalnie Czekolady Sp. z o.o.,
1213,롯데,PT LOTTE CHEMICAL INDONESIA,
1214,롯데,PT LOTTE CHEMICAL TITAN NUSANTARA,
1215,롯데,PT Lotte Indonesia,
1216,롯데,PT LOTTE INNOVATE INDONESIA,
1217,롯데,PT LOTTE LAND INDONESIA,
1218,롯데,PT LOTTE LAND KELAPA GADING,
1219,롯데,PT LOTTE LAND MODERN REALTY,
1220,롯데,PT LOTTE LAND SAWANGAN,
1221,롯데,PT LOTTE RND CENTER INDONESIA,
1222,롯데,PT LOTTE SHOPPING AVENUE INDONESIA,
1223,롯데,PT. Daehong Communications Indonesia,
1224,롯데,PT. Kakao Indonesia Cemerlang,
1225,롯데,PT. LOTTE CAPITAL INDONESIA,
1226,롯데,PT. Lotte Chemical Engineering Plastics Indonesia,
1227,롯데,PT. Lotte Chemical Titan Tbk,
1228,롯데,PT. Lotte Global Logistics Indonesia,
1229,롯데,PT. Lotte Packaging,
1230,롯데,PT. Lotte Shopping Indonesia,
1231,롯데,PT.Lotte Mart Indonesia,
1232,롯데,Rakhat TR,
1233,롯데,Rakhat-Aktau LLP,
1234,롯데,Rakhat-Aktobe LLP,
1235,롯데,Rakhat-Astana LLP,
1236,롯데,Rakhat-Karaganda LLP,
1237,롯데,Rakhat-Oral LLP,
1238,롯데,Rakhat-Shymkent LLP,
1239,롯데,Rakhat-Shymkent Trading House LLP,
1240,롯데,Rakhat-Taldykorgan LLP,
1241,롯데,S&C Fund PTE.,
1242,롯데,Sandalwood Feedlot Pty Ltd,
1243,롯데,Shanghai Hyundai Asia Shipping International Freight Forwarding Co.Ltd.,
1244,롯데,"Thai Lotte Co., Ltd.",
1245,롯데,"VIETNAM LOTTERIA CO., LTD",
1246,롯데,낙천(북경)물류유한공사,
1247,롯데,낙천(중국)투자유한공사,
1248,롯데,낙천공정소료(가흥)유한공사,
1249,롯데,낙천공정소료(심양)유한공사,
1250,롯데,낙천물업관리(심양)유한공사,
1251,롯데,낙천유락(심양)유한공사,
1252,롯데,"낙천유락구자문(북경)유한공사 (Lotte Duty Free Beijing Co., Ltd.)",
1253,롯데,낙천지산(성도)유한공사,
1254,롯데,롯데부동산㈜,
1255,롯데,㈜L제1투자회사,
1256,롯데,㈜L제2투자회사,
1257,롯데,㈜L제3투자회사,
1258,롯데,㈜L제4투자회사,
1259,롯데,㈜L제5투자회사,
1260,롯데,㈜L제6투자회사,
1261,롯데,㈜L제7투자회사,
1262,롯데,㈜L제8투자회사,
1263,롯데,㈜L제9투자회사,
1264,롯데,㈜L제10투자회사,
1265,롯데,㈜L제11투자회사,
1266,롯데,㈜L제12투자회사,
1267,롯데,㈜긴자코지코나,
1268,롯데,㈜롯데,
1269,롯데,㈜롯데벤처스재팬,
1270,롯데,㈜롯데서비스,
1271,롯데,㈜롯데스트레티직인베스트먼트,
1272,롯데,㈜롯데시티호텔,
1273,롯데,㈜롯데파이낸셜,
1274,롯데,㈜롯데호텔스 재팬,
1275,롯데,㈜롯데홀딩스,
1276,롯데,㈜메리초코렛컴퍼니,
1277,롯데,㈜지바롯데마린즈,
1278,롯데,㈜패밀리,
1279,롯데,호석화학무역(상해)유한공사,
